{"name":"7396e753-d486-423c-bb7d-c19a844a2cd8","id":"/providers/Microsoft.Flow/flows/7396e753-d486-423c-bb7d-c19a844a2cd8","type":"Microsoft.Flow/flows","properties":{"apiId":"/providers/Microsoft.PowerApps/apis/shared_logicflows","displayName":"GetList","definition":{"$schema":"https://schema.management.azure.com/providers/Microsoft.Logic/schemas/2016-06-01/workflowdefinition.json#","contentVersion":"1.0.0.0","parameters":{"$authentication":{"defaultValue":{},"type":"SecureObject"}},"triggers":{"manual":{"type":"Request","kind":"Http","inputs":{"schema":{"type":"object","properties":{"url":{"type":"string"}}},"method":"POST"}}},"actions":{"Init_conversationSession":{"runAfter":{},"type":"InitializeVariable","inputs":{"variables":[{"name":"conversationSession","type":"String","value":"@{triggerOutputs()['headers']?['x-conversation-session']}"}]}},"Init_apiKey":{"runAfter":{"Init_conversationSession":["Succeeded"]},"type":"InitializeVariable","inputs":{"variables":[{"name":"apiKey","type":"String","value":"aGknRS4yW1Y+eENsT31TamNzPCt0cDxZWjlpeU06eVpYNClfQnt5VnIrWVt6c25JJjQ="}]}},"Back_to_LiveTiles_Bots":{"runAfter":{"Init_apiKey":["Succeeded"]},"type":"Http","inputs":{"method":"POST","uri":"https://flowability-prod-westeurope.azurewebsites.net/api/callbacks/message","headers":{"x-conversation-session":"@variables('conversationSession')","x-api-key":"@variables('apiKey')","content-type":"application/json"},"body":{"attachments":[{"contentType":"application/vnd.microsoft.card.adaptive","content":{"type":"AdaptiveCard","version":"1.0","body":[{"type":"Container","items":[{"type":"TextBlock","text":"Purchase requisition item 0001","weight":"bolder","size":"medium"},{"type":"ColumnSet","columns":[{"type":"Column","width":"auto","items":[{"type":"Image","url":"https://pbs.twimg.com/profile_images/3647943215/d7f12830b3c17a5a9e4afcc370e3a37e_400x400.jpeg","size":"small","style":"person"}]},{"type":"Column","width":"stretch","items":[{"type":"TextBlock","text":"Matt Hidinger","weight":"bolder","wrap":true},{"type":"TextBlock","spacing":"none","text":"Created {{DATE(2017-02-14T06:08:39Z, SHORT)}}","isSubtle":true,"wrap":true}]}]}]},{"type":"Container","items":[{"type":"FactSet","facts":[{"title":"Message:","value":"test"},{"title":"Email:","value":"test"},{"title":"Cost Center:","value":"test"},{"title":"Delivery date:","value":"test"}]}]}],"actions":[{"type":"Action.Submit","title":"Update item","data":"Update item"}]}}]}}}},"outputs":{}},"connectionReferences":{},"flowFailureAlertSubscribed":false}}