{"name":"129a90b4-89fd-4018-958e-e919018d678c","id":"/providers/Microsoft.Flow/flows/129a90b4-89fd-4018-958e-e919018d678c","type":"Microsoft.Flow/flows","properties":{"apiId":"/providers/Microsoft.PowerApps/apis/shared_logicflows","displayName":"Approval","definition":{"$schema":"https://schema.management.azure.com/providers/Microsoft.Logic/schemas/2016-06-01/workflowdefinition.json#","contentVersion":"1.0.0.0","parameters":{"$connections":{"defaultValue":{},"type":"Object"},"$authentication":{"defaultValue":{},"type":"SecureObject"}},"triggers":{"manual":{"type":"Request","kind":"Http","inputs":{"schema":{"type":"object","properties":{"Message":{"type":"string"},"Email":{"type":"string"},"Quantity":{"type":"string"},"Material":{"type":"string"},"Plant":{"type":"string"},"DeliveryDate":{"type":"date"},"CostCenter":{"type":"string"}}},"method":"POST"}}},"actions":{"HTTP":{"runAfter":{"Build_responseMessage":["Succeeded"]},"type":"Http","inputs":{"method":"POST","uri":"https://bots-prod-westeurope.azurewebsites.net/api/callback/messages","headers":{"x-conversation-session":"@variables('conversationSession')","x-api-key":"@variables('apiKey')","content-type":"application/json"},"body":{"message":"@variables('responseMessage')"}}},"Init_conversationSession":{"runAfter":{},"type":"InitializeVariable","inputs":{"variables":[{"name":"conversationSession","type":"String","value":"@{triggerOutputs()['headers']?['x-conversation-session']}"}]}},"Init_apiKey":{"runAfter":{"Init_conversationSession":["Succeeded"]},"type":"InitializeVariable","inputs":{"variables":[{"name":"apiKey","type":"String","value":"c6Djh{upYtuP0mO9*7:v47UW&sjCn*7gT2lV>1<P5ZbB/.NUQ_"}]}},"Start_an_approval":{"runAfter":{"Init_apiKey":["Succeeded"]},"metadata":{"flowSystemMetadata":{"swaggerOperationId":"approvalSubscribeV2"}},"type":"ApiConnectionWebhook","inputs":{"host":{"api":{"runtimeUrl":"https://australia-001.azure-apim.net/apim/approvals"},"connection":{"name":"@parameters('$connections')['shared_approvals']['connectionId']"}},"body":{"notificationUrl":"@{listCallbackUrl()}","title":"@triggerBody()?['message']","assignedTo":"@{triggerBody()?['Email']};","details":"@triggerBody()?['message']"},"path":"/types/@{encodeURIComponent('Basic')}/$subscriptions","authentication":"@parameters('$authentication')"}},"If_Approved":{"actions":{"Set_approvalMessage_Yes":{"runAfter":{},"type":"SetVariable","inputs":{"name":"approvalMessage","value":"@{body('Start_an_approval')?['responder']?['displayName']}  has approved your request 👍"}},"CreatePurchaseRequisitionOneItem":{"runAfter":{"Set_approvalMessage_Yes":["Succeeded"]},"metadata":{"flowSystemMetadata":{"swaggerOperationId":"CreatePurchaseRequisitionOneItem"}},"type":"ApiConnection","inputs":{"host":{"api":{"runtimeUrl":"https://australia-001.azure-apim.net/apim/sap.20erp.20connect.5f87d0b41391b1a8fa.5f278c2fb01a4003f9"},"connection":{"name":"@parameters('$connections')['shared_sap.20erp.20connect.5f87d0b41391b1a8fa.5f278c2fb01a4003f9']['connectionId']"}},"method":"post","path":"/custom/SAPPurchaseRequisitionWebservice/CreatePurchaseRequisitionOneItem","queries":{"Material":"@triggerBody()?['Material']","Plant":"@triggerBody()?['Plant']","Quantity":"@int(triggerBody()?['Quantity'])","DeliveryDate":"01.08.2018","CostCenter":"@triggerBody()?['CostCenter']","applicationName":"LiveTiles Bots"},"authentication":"@parameters('$authentication')"}},"Apply_to_each":{"foreach":"@body('CreatePurchaseRequisitionOneItem')?['result']?['ReturnTable']","actions":{"Condition":{"actions":{"Set_MsgResult":{"runAfter":{},"type":"SetVariable","inputs":{"name":"MsgResult","value":"The SAP action resulted in: '@{items('Apply_to_each')?['ReturnMessage']}'"}}},"runAfter":{},"expression":"@equals(items('Apply_to_each')?['ReturnType'], 'S')","type":"If"}},"runAfter":{"CreatePurchaseRequisitionOneItem":["Succeeded"]},"type":"Foreach"}},"runAfter":{"Init_commentsMessage":["Succeeded"]},"else":{"actions":{"Set_approval_Message_No":{"runAfter":{},"type":"SetVariable","inputs":{"name":"approvalMessage","value":"@{body('Start_an_approval')?['responder']?['displayName']}  has denied your request 👎"}},"Set_MsgResult_No":{"runAfter":{"Set_approval_Message_No":["Succeeded"]},"type":"SetVariable","inputs":{"name":"MsgResult","value":"No SAP object created."}}}},"expression":"@equals(body('Start_an_approval')?['response'], 'Approve')","type":"If"},"Init_approvalMessage":{"runAfter":{"Init_comments":["Succeeded"]},"type":"InitializeVariable","inputs":{"variables":[{"name":"approvalMessage","type":"String"}]}},"If_has_comments":{"actions":{"Set_variable_3":{"runAfter":{},"type":"SetVariable","inputs":{"name":"commentsMessage","value":"and commented: '@{variables('comments')}'"}}},"runAfter":{"If_Approved":["Succeeded"]},"else":{"actions":{"Set_variable":{"runAfter":{},"type":"SetVariable","inputs":{"name":"commentsMessage","value":"with any comment."}}}},"expression":"@not(equals(empty(variables('comments')), true))","type":"If"},"Build_responseMessage":{"runAfter":{"If_has_comments":["Succeeded"]},"type":"InitializeVariable","inputs":{"variables":[{"name":"responseMessage","type":"String","value":"@{variables('approvalMessage')} <br/>@{variables('commentsMessage')}  <br/>@{variables('MsgResult')}"}]}},"Init_comments":{"runAfter":{"Start_an_approval":["Succeeded"]},"type":"InitializeVariable","inputs":{"variables":[{"name":"comments","type":"String","value":"@body('Start_an_approval')?['comments']"}]}},"Init_resultMessage":{"runAfter":{"Init_approvalMessage":["Succeeded"]},"type":"InitializeVariable","inputs":{"variables":[{"name":"MsgResult","type":"String"}]}},"Init_commentsMessage":{"runAfter":{"Init_resultMessage":["Succeeded"]},"type":"InitializeVariable","inputs":{"variables":[{"name":"commentsMessage","type":"String"}]}}},"outputs":{}},"connectionReferences":{"shared_approvals":{"connectionName":"89e0c5fcfd2349cc850561f327463333","source":"Embedded","id":"/providers/Microsoft.PowerApps/apis/shared_approvals","tier":"NotSpecified"},"shared_sap.20erp.20connect.5f87d0b41391b1a8fa.5f278c2fb01a4003f9":{"connectionName":"4958351ed34e46629b1ad4dedb11655f","source":"Embedded","id":"/providers/Microsoft.PowerApps/apis/shared_sap.20erp.20connect.5f87d0b41391b1a8fa.5f278c2fb01a4003f9","tier":"NotSpecified"}},"flowFailureAlertSubscribed":false}}