{"name":"135f556f-46e1-44b1-85e1-40ca2d8ae4e7","id":"/providers/Microsoft.Flow/flows/135f556f-46e1-44b1-85e1-40ca2d8ae4e7","type":"Microsoft.Flow/flows","properties":{"apiId":"/providers/Microsoft.PowerApps/apis/shared_logicflows","displayName":"UpdateItem","definition":{"$schema":"https://schema.management.azure.com/providers/Microsoft.Logic/schemas/2016-06-01/workflowdefinition.json#","contentVersion":"1.0.0.0","parameters":{"$authentication":{"defaultValue":{},"type":"SecureObject"}},"triggers":{"manual":{"type":"Request","kind":"Http","inputs":{"schema":{"type":"object","properties":{"url":{"type":"string"}}},"method":"POST"}}},"actions":{"Init_conversationSession":{"runAfter":{},"type":"InitializeVariable","inputs":{"variables":[{"name":"conversationSession","type":"String","value":"@{triggerOutputs()['headers']?['x-conversation-session']}"}]}},"Init_apiKey":{"runAfter":{"Init_conversationSession":["Succeeded"]},"type":"InitializeVariable","inputs":{"variables":[{"name":"apiKey","type":"String","value":"bTU8e108RHQsbTlSX2tAdUpsS0orXVpXSzJzbj4oZ0ZrXzhSLCxjUTRIJ1BeISolKlY="}]}},"Back_to_LiveTiles_Bots":{"runAfter":{"Init_apiKey":["Succeeded"]},"type":"Http","inputs":{"method":"POST","uri":"https://flowability-prod-westeurope.azurewebsites.net/api/callbacks/message","headers":{"x-conversation-session":"@variables('conversationSession')","x-api-key":"@variables('apiKey')","content-type":"application/json"},"body":{"attachments":[{"contentType":"application/vnd.microsoft.card.adaptive","content":{"type":"AdaptiveCard","version":"1.0","body":[{"type":"TextBlock","text":"Item updated"}]}}]}}}},"outputs":{}},"connectionReferences":{},"flowFailureAlertSubscribed":false}}